{
"lengthUnit": "mil",
"components": {
	"fields": ["COMPONENT_NO", "COMPONENT_NAME", "LAYER", "X_COORDINATE", "Y_COORDINATE", "ANGLE"],
	"rows": [
		[1, "C2", "T", 1055, 150.78, 90],
		[2, "C3", "T", 936.44, 413, 0],
		[3, "C4", "T", 1555, 162.82, 0],
		[4, "C5", "T", 1555, 228.94, 0],
		[5, "C7", "T", 941.25, 194.38, 90],
		[6, "C8", "T", 1925.01, 515, 180],
		[7, "C11", "B", 1218.82, 1731.72, 270],
		[8, "C12", "B", 1100.71, 1731.72, 270],
		[9, "C13", "B", 982.6, 1731.72, 270],
		[10, "C14", "B", 864.49, 1731.72, 270],
		[11, "C15", "B", 746.38, 1731.72, 270],
		[12, "C18", "T", 780, 1982.41, 180],
		[13, "C19", "T", 1005.37, 2320, 0],
		[14, "C20", "T", 780, 1906, 0],
		[15, "C25", "T", 555.34, 1534.03, 180],
		[16, "C37", "T", 1910.07, 315.05, 0],
		[17, "C38", "T", 1910.07, 403.85, 0],
		[18, "C39", "T", 1810.42, 225.88, 180],
		[19, "C40", "T", 941.44, 1464.81, 0],
		[20, "C41", "T", 941.44, 945, 0],
		[21, "C42", "T", 1480, 1280, 0],
		[22, "C43", "T", 1530, 745.26, 0],
		[23, "C44", "T", 946.25, 1317.93, 90],
		[24, "C45", "T", 943.79, 794.75, 90],
		[25, "C46", "T", 2034.67, 1317.93, 90],
		[26, "C47", "T", 1860, 1058.96, 90],
		[27, "C48", "T", 1479.47, 1354.17, 0],
		[28, "C49", "T", 1670, 745.26, 0],
		[29, "C50", "T", 1810, 1312.92, 90],
		[30, "C51", "T", 2080.68, 1063.89, 90],
		[31, "C52", "T", 1904.73, 1312.92, 90],
		[32, "C53", "T", 1976.65, 1063.89, 90],
		[33, "C54", "T", 1054.79, 1260, 270],
		[34, "C55", "T", 1054.79, 745.06, 270],
		[35, "C56", "T", 1845, 1454.81, 0],
		[36, "C57", "T", 2159.63, 1089.72, 270],
		[37, "C58", "T", 380, 389.63, 180],
		[38, "C59", "T", 380, 1225, 180],
		[39, "C60", "T", 389.25, 836.77, 180],
		[40, "C61", "T", 2082.37, 1454.81, 180],
		[41, "C62", "T", 1964.45, 1455.02, 180],
		[42, "D2", "T", 1240, 460, 180],
		[43, "D3", "T", 1115.85, 2165.72, 270],
		[44, "D5", "B", 505, 2050, 0],
		[45, "D6", "T", 1240, 1554.62, 180],
		[46, "D7", "T", 1226.07, 1030, 180],
		[47, "D8", "T", 421.05, 319.96, 0],
		[48, "D9", "T", 419.53, 1160, 0],
		[49, "D10", "T", 421.33, 758.25, 0],
		[50, "DC_5V", "T", 2360, 1404.51, 90],
		[51, "DC_5V_POWER", "T", 145, 1320, 90],
		[52, "DC_IN", "T", 505, 2030.74, 180],
		[53, "L1", "T", 1640, 439.23, 0],
		[54, "L2", "T", 1630.21, 1557.78, 0],
		[55, "L3", "T", 1613.8, 1030, 0],
		[56, "LED1", "T", 933.98, 545.1, 180],
		[57, "LED2", "T", 939.84, 1585.09, 180],
		[58, "LED3", "T", 937.3, 1070, 180],
		[59, "LED4", "T", 1060, 1907.35, 180],
		[60, "LED5", "T", 2032.46, 1609.93, 180],
		[61, "POWER1", "T", 1990.24, 2033.7, 180],
		[62, "POWER2", "T", 1436.93, 2033.7, 180],
		[63, "POWER_SW", "T", 150, 1736.22, 90],
		[64, "Q1", "T", 453.7, 177.35, 270],
		[65, "Q3", "T", 913.27, 2165.77, 90],
		[66, "Q7", "T", 453.7, 1017.06, 270],
		[67, "Q8", "T", 453.7, 610.05, 270],
		[68, "R1", "T", 1675, 164.38, 0],
		[69, "R2", "T", 1810, 160.45, 0],
		[70, "R3", "T", 1675, 229.05, 0],
		[71, "R4", "T", 925, 1982.41, 0],
		[72, "R5", "T", 860.37, 2319.99, 180],
		[73, "R7", "T", 925, 1906.01, 0],
		[74, "R8", "T", 1705, 1317.93, 90],
		[75, "R9", "T", 1532.37, 823.75, 0],
		[76, "R10", "T", 1609.53, 1288.92, 0],
		[77, "R11", "T", 1670, 823.75, 0],
		[78, "R12", "T", 1609.53, 1354.28, 0],
		[79, "R14", "T", 1925.88, 845.48, 0],
		[80, "R15", "T", 497.8, 393.57, 180],
		[81, "R16", "T", 509.53, 1228.95, 180],
		[82, "R17", "T", 520, 836.66, 180],
		[83, "R18", "T", 935.86, 480, 180],
		[84, "R19", "T", 941.16, 1523.63, 0],
		[85, "R20", "T", 941.13, 1005.34, 0],
		[86, "R21", "T", 1060, 1969.01, 0],
		[87, "R22", "T", 2034.34, 1541.56, 180],
		[88, "SCREW1", "T", 118.11, 2244.09, 0],
		[89, "SCREW2", "T", 118.11, 118.11, 0],
		[90, "SCREW3", "T", 2637.8, 2244.09, 0],
		[91, "SCREW4", "T", 2637.8, 118.11, 0],
		[92, "U1", "T", 1259.59, 230.7, 270],
		[93, "U12", "T", 1890, 1585.47, 90],
		[94, "U14", "T", 1249.59, 1316.46, 270],
		[95, "U15", "T", 1244.12, 791.46, 270],
		[96, "USB1", "T", 2195, 554.81, 90],
		[97, "USB_POWER", "T", 145, 486.22, 90],
		[98, "USER_POWER", "T", 145, 905.43, 90],
		[99, "USER_VALUE", "T", 2360, 1050, 90],
		[100, "VCC", "T", 2360, 1760, 90]
	]
},
"pins": {
	"fields": ["PIN_NO", "PIN_NAME", "PIN_X", "PIN_Y", "LAYER", "PIN_TYPE", "NET_NAME", "NET_TYPE", "PAD_SHAPE", "PAD_SIZEX", "PAD_SIZEY", "HOLE_SIZE", "PAD_ANGLE"],
	"rows": [
		[1, "C2_1", 1055, 123.22, "T", "SMD", "GND", "GND", "R", 31.5, 35.43, 0, 90],
		[2, "C2_2", 1055, 178.34, "T", "SMD", "$1N473", "", "R", 31.5, 35.43, 0, 90],
		[3, "C3_1", 908.88, 413, "T", "SMD", "$1N474", "", "R", 31.5, 35.43, 0, 0],
		[4, "C3_2", 964, 413, "T", "SMD", "$1N478", "", "R", 31.5, 35.43, 0, 0],
		[5, "C4_1", 1527.44, 162.82, "T", "SMD", "GND", "GND", "R", 31.5, 35.43, 0, 0],
		[6, "C4_2", 1582.56, 162.82, "T", "SMD", "$1N479", "", "R", 31.5, 35.43, 0, 0],
		[7, "C5_1", 1527.44, 228.94, "T", "SMD", "GND", "GND", "R", 31.5, 35.43, 0, 0],
		[8, "C5_2", 1582.56, 228.94, "T", "SMD", "$1N475", "", "R", 31.5, 35.43, 0, 0],
		[9, "C7_1", 941.25, 134.64, "T", "SMD", "GND", "GND", "R", 64.37, 106.3, 0, 90],
		[10, "C7_2", 941.25, 254.12, "T", "SMD", "USB_POWER", "", "R", 64.37, 106.3, 0, 90],
		[11, "C8_1", 1984.75, 515, "T", "SMD", "GND", "GND", "R", 64.37, 106.3, 0, 180],
		[12, "C8_2", 1865.27, 515, "T", "SMD", "USB_5V", "", "R", 64.37, 106.3, 0, 180],
		[13, "C11_1", 1218.82, 1666.72, "B", "SMD", "GND", "GND", "R", 30, 64, 0, 90],
		[14, "C11_2", 1218.82, 1786.72, "B", "SMD", "DCBUS", "", "R", 30, 64, 0, 90],
		[15, "C12_1", 1100.71, 1666.72, "B", "SMD", "GND", "GND", "R", 30, 64, 0, 90],
		[16, "C12_2", 1100.71, 1786.72, "B", "SMD", "DCBUS", "", "R", 30, 64, 0, 90],
		[17, "C13_1", 982.6, 1666.72, "B", "SMD", "GND", "GND", "R", 30, 64, 0, 90],
		[18, "C13_2", 982.6, 1786.72, "B", "SMD", "DCBUS", "", "R", 30, 64, 0, 90],
		[19, "C14_1", 864.49, 1666.72, "B", "SMD", "GND", "GND", "R", 30, 64, 0, 90],
		[20, "C14_2", 864.49, 1786.72, "B", "SMD", "DCBUS", "", "R", 30, 64, 0, 90],
		[21, "C15_1", 746.38, 1666.72, "B", "SMD", "GND", "GND", "R", 30, 64, 0, 90],
		[22, "C15_2", 746.38, 1786.72, "B", "SMD", "DCBUS", "", "R", 30, 64, 0, 90],
		[23, "C18_1", 810, 1982.41, "T", "SMD", "$1N1310", "", "R", 31.75, 34.02, 0, 180],
		[24, "C18_2", 750.69, 1982.41, "T", "SMD", "PGND", "", "R", 31.75, 34.02, 0, 180],
		[25, "C19_1", 975.37, 2320, "T", "SMD", "$1N1311", "", "R", 31.75, 34.02, 0, 0],
		[26, "C19_2", 1034.68, 2320, "T", "SMD", "GND", "GND", "R", 31.75, 34.02, 0, 0],
		[27, "C20_1", 750, 1906, "T", "SMD", "$1N1302", "", "R", 31.75, 34.02, 0, 0],
		[28, "C20_2", 809.31, 1906, "T", "SMD", "GND", "GND", "R", 31.75, 34.02, 0, 0],
		[29, "C25_1", 382.31, 1534.03, "T", "SMD", "DCBUS", "", "R", 188.98, 70.87, 0, 0],
		[30, "C25_2", 728.37, 1534.03, "T", "SMD", "GND", "GND", "R", 188.98, 70.87, 0, 0],
		[31, "C37_1", 1975.07, 315.05, "T", "SMD", "USB_5V", "", "R", 30, 64, 0, 180],
		[32, "C37_2", 1855.07, 315.05, "T", "SMD", "GND", "GND", "R", 30, 64, 0, 180],
		[33, "C38_1", 1975.07, 403.85, "T", "SMD", "USB_5V", "", "R", 30, 64, 0, 180],
		[34, "C38_2", 1855.07, 403.85, "T", "SMD", "GND", "GND", "R", 30, 64, 0, 180],
		[35, "C39_1", 1837.98, 225.88, "T", "SMD", "USB_5V", "", "R", 31.5, 35.43, 0, 180],
		[36, "C39_2", 1782.86, 225.88, "T", "SMD", "GND", "GND", "R", 31.5, 35.43, 0, 180],
		[37, "C40_1", 913.88, 1464.81, "T", "SMD", "$1N3765", "", "R", 31.5, 35.43, 0, 0],
		[38, "C40_2", 969, 1464.81, "T", "SMD", "$1N3767", "", "R", 31.5, 35.43, 0, 0],
		[39, "C41_1", 913.88, 945, "T", "SMD", "$1N4274", "", "R", 31.5, 35.43, 0, 0],
		[40, "C41_2", 969, 945, "T", "SMD", "$1N4276", "", "R", 31.5, 35.43, 0, 0],
		[41, "C42_1", 1452.44, 1280, "T", "SMD", "GND", "GND", "R", 31.5, 35.43, 0, 0],
		[42, "C42_2", 1507.56, 1280, "T", "SMD", "$1N3762", "", "R", 31.5, 35.43, 0, 0],
		[43, "C43_1", 1502.44, 745.26, "T", "SMD", "GND", "GND", "R", 31.5, 35.43, 0, 0],
		[44, "C43_2", 1557.56, 745.26, "T", "SMD", "$1N4271", "", "R", 31.5, 35.43, 0, 0],
		[45, "C44_1", 946.25, 1258.19, "T", "SMD", "GND", "GND", "R", 64.37, 106.3, 0, 90],
		[46, "C44_2", 946.25, 1377.67, "T", "SMD", "DC_5V_POWER", "", "R", 64.37, 106.3, 0, 90],
		[47, "C45_1", 943.79, 735.01, "T", "SMD", "GND", "GND", "R", 64.37, 106.3, 0, 90],
		[48, "C45_2", 943.79, 854.49, "T", "SMD", "USER_POWER", "", "R", 64.37, 106.3, 0, 90],
		[49, "C46_1", 2034.67, 1258.19, "T", "SMD", "GND", "GND", "R", 64.37, 106.3, 0, 90],
		[50, "C46_2", 2034.67, 1377.67, "T", "SMD", "DC_5V", "", "R", 64.37, 106.3, 0, 90],
		[51, "C47_1", 1860, 999.22, "T", "SMD", "GND", "GND", "R", 64.37, 106.3, 0, 90],
		[52, "C47_2", 1860, 1118.7, "T", "SMD", "USER_VALUE", "", "R", 64.37, 106.3, 0, 90],
		[53, "C48_1", 1451.91, 1354.17, "T", "SMD", "GND", "GND", "R", 31.5, 35.43, 0, 0],
		[54, "C48_2", 1507.03, 1354.17, "T", "SMD", "$1N3758", "", "R", 31.5, 35.43, 0, 0],
		[55, "C49_1", 1642.44, 745.26, "T", "SMD", "GND", "GND", "R", 31.5, 35.43, 0, 0],
		[56, "C49_2", 1697.56, 745.26, "T", "SMD", "$1N4267", "", "R", 31.5, 35.43, 0, 0],
		[57, "C50_1", 1810, 1377.92, "T", "SMD", "DC_5V", "", "R", 30, 64, 0, 270],
		[58, "C50_2", 1810, 1257.92, "T", "SMD", "GND", "GND", "R", 30, 64, 0, 270],
		[59, "C51_1", 2080.68, 1128.89, "T", "SMD", "USER_VALUE", "", "R", 30, 64, 0, 270],
		[60, "C51_2", 2080.68, 1008.89, "T", "SMD", "GND", "GND", "R", 30, 64, 0, 270],
		[61, "C52_1", 1904.73, 1377.92, "T", "SMD", "DC_5V", "", "R", 30, 64, 0, 270],
		[62, "C52_2", 1904.73, 1257.92, "T", "SMD", "GND", "GND", "R", 30, 64, 0, 270],
		[63, "C53_1", 1976.65, 1128.89, "T", "SMD", "USER_VALUE", "", "R", 30, 64, 0, 270],
		[64, "C53_2", 1976.65, 1008.89, "T", "SMD", "GND", "GND", "R", 30, 64, 0, 270],
		[65, "C54_1", 1054.79, 1287.56, "T", "SMD", "GND", "GND", "R", 31.5, 35.43, 0, 270],
		[66, "C54_2", 1054.79, 1232.44, "T", "SMD", "$1N3766", "", "R", 31.5, 35.43, 0, 270],
		[67, "C55_1", 1054.79, 772.62, "T", "SMD", "GND", "GND", "R", 31.5, 35.43, 0, 270],
		[68, "C55_2", 1054.79, 717.5, "T", "SMD", "$1N4275", "", "R", 31.5, 35.43, 0, 270],
		[69, "C56_1", 1817.44, 1454.81, "T", "SMD", "DC_5V", "", "R", 31.5, 35.43, 0, 0],
		[70, "C56_2", 1872.56, 1454.81, "T", "SMD", "GND", "GND", "R", 31.5, 35.43, 0, 0],
		[71, "C57_1", 2159.63, 1117.28, "T", "SMD", "USER_VALUE", "", "R", 31.5, 35.43, 0, 270],
		[72, "C57_2", 2159.63, 1062.16, "T", "SMD", "GND", "GND", "R", 31.5, 35.43, 0, 270],
		[73, "C58_1", 407.56, 389.63, "T", "SMD", "$1N4775", "", "R", 31.5, 35.43, 0, 180],
		[74, "C58_2", 352.44, 389.63, "T", "SMD", "DCBUS", "", "R", 31.5, 35.43, 0, 180],
		[75, "C59_1", 407.56, 1225, "T", "SMD", "$1N5019", "", "R", 31.5, 35.43, 0, 180],
		[76, "C59_2", 352.44, 1225, "T", "SMD", "DCBUS", "", "R", 31.5, 35.43, 0, 180],
		[77, "C60_1", 416.81, 836.77, "T", "SMD", "$1N5219", "", "R", 31.5, 35.43, 0, 180],
		[78, "C60_2", 361.69, 836.77, "T", "SMD", "DCBUS", "", "R", 31.5, 35.43, 0, 180],
		[79, "C61_1", 2109.93, 1454.81, "T", "SMD", "GND", "GND", "R", 31.5, 35.43, 0, 180],
		[80, "C61_2", 2054.81, 1454.81, "T", "SMD", "VCC", "", "R", 31.5, 35.43, 0, 180],
		[81, "C62_1", 1992.01, 1455.02, "T", "SMD", "GND", "GND", "R", 31.5, 35.43, 0, 180],
		[82, "C62_2", 1936.89, 1455.02, "T", "SMD", "VCC", "", "R", 31.5, 35.43, 0, 180],
		[83, "D2_1", 1385.13, 460, "T", "SMD", "$1N478", "", "R", 106.3, 129.92, 0, 180],
		[84, "D2_2", 1094.87, 460, "T", "SMD", "GND", "GND", "R", 106.3, 129.92, 0, 180],
		[85, "D3_1", 1115.85, 2235.72, "T", "SMD", "$1N1311", "", "R", 40, 66.93, 0, 90],
		[86, "D3_2", 1115.85, 2095.72, "T", "SMD", "GND", "GND", "R", 40, 66.93, 0, 90],
		[87, "D5_1", 640.2, 2050, "B", "SMD", "PGND", "", "R", 119.3, 150.4, 0, 0],
		[88, "D5_2", 369.8, 2050, "B", "SMD", "DCBUS", "", "R", 119.3, 150.4, 0, 0],
		[89, "D6_1", 1385.13, 1554.62, "T", "SMD", "$1N3767", "", "R", 106.3, 129.92, 0, 180],
		[90, "D6_2", 1094.87, 1554.62, "T", "SMD", "GND", "GND", "R", 106.3, 129.92, 0, 180],
		[91, "D7_1", 1371.2, 1030, "T", "SMD", "$1N4276", "", "R", 106.3, 129.92, 0, 180],
		[92, "D7_2", 1080.94, 1030, "T", "SMD", "GND", "GND", "R", 106.3, 129.92, 0, 180],
		[93, "D8_1", 351.05, 319.96, "T", "SMD", "DCBUS", "", "R", 40, 66.93, 0, 180],
		[94, "D8_2", 491.05, 319.96, "T", "SMD", "$1N4775", "", "R", 40, 66.93, 0, 180],
		[95, "D9_1", 349.53, 1160, "T", "SMD", "DCBUS", "", "R", 40, 66.93, 0, 180],
		[96, "D9_2", 489.53, 1160, "T", "SMD", "$1N5019", "", "R", 40, 66.93, 0, 180],
		[97, "D10_1", 351.33, 758.25, "T", "SMD", "DCBUS", "", "R", 40, 66.93, 0, 180],
		[98, "D10_2", 491.33, 758.25, "T", "SMD", "$1N5219", "", "R", 40, 66.93, 0, 180],
		[99, "DC_5V_1", 2360, 1329.51, "T", "DIP", "DC_5V", "", "R", 86.61, 86.61, 49.61, 90],
		[100, "DC_5V_1", 2360, 1329.51, "B", "DIP", "DC_5V", "", "R", 86.61, 86.61, 49.61, 90],
		[101, "DC_5V_2", 2360, 1479.51, "T", "DIP", "GND", "GND", "C", 86.61, 86.61, 49.61, 90],
		[102, "DC_5V_2", 2360, 1479.51, "B", "DIP", "GND", "GND", "C", 86.61, 86.61, 49.61, 90],
		[103, "DC_5V_POWER_1", 145, 1241.26, "T", "DIP", "DC_5V_POWER_1", "", "O", 62.99, 62.99, 39.37, 270],
		[104, "DC_5V_POWER_1", 145, 1241.26, "B", "DIP", "DC_5V_POWER_1", "", "O", 62.99, 62.99, 39.37, 270],
		[105, "DC_5V_POWER_2", 145, 1320, "T", "DIP", "$1N5027", "", "O", 62.99, 62.99, 39.37, 270],
		[106, "DC_5V_POWER_2", 145, 1320, "B", "DIP", "$1N5027", "", "O", 62.99, 62.99, 39.37, 270],
		[107, "DC_5V_POWER_3", 145, 1398.74, "T", "DIP", "GND", "GND", "O", 62.99, 62.99, 39.37, 270],
		[108, "DC_5V_POWER_3", 145, 1398.74, "B", "DIP", "GND", "GND", "O", 62.99, 62.99, 39.37, 270],
		[109, "DC_5V_POWER_4", 145, 1483.39, "T", "DIP", "DC_5V_POWER_4", "", "O", 118.11, 78.74, 70.87, 0],
		[110, "DC_5V_POWER_4", 145, 1483.39, "B", "DIP", "DC_5V_POWER_4", "", "O", 118.11, 78.74, 70.87, 0],
		[111, "DC_5V_POWER_5", 145, 1156.61, "T", "DIP", "DC_5V_POWER_5", "", "O", 118.11, 78.74, 70.87, 0],
		[112, "DC_5V_POWER_5", 145, 1156.61, "B", "DIP", "DC_5V_POWER_5", "", "O", 118.11, 78.74, 70.87, 0],
		[113, "DC_IN_1", 603.43, 1833.89, "T", "DIP", "PGND", "", "C", 98.42, 98.42, 70.87, 180],
		[114, "DC_IN_1", 603.43, 1833.89, "B", "DIP", "PGND", "", "C", 98.42, 98.42, 70.87, 180],
		[115, "DC_IN_2", 406.58, 1833.89, "T", "DIP", "DCBUS", "", "C", 98.42, 98.42, 70.87, 180],
		[116, "DC_IN_2", 406.58, 1833.89, "B", "DIP", "DCBUS", "", "C", 98.42, 98.42, 70.87, 180],
		[117, "DC_IN_3", 288.47, 2227.59, "T", "DIP", "DC_IN_3", "", "C", 70.87, 70.87, 43.31, 180],
		[118, "DC_IN_3", 288.47, 2227.59, "B", "DIP", "DC_IN_3", "", "C", 70.87, 70.87, 43.31, 180],
		[119, "DC_IN_4", 721.54, 2227.59, "T", "DIP", "DC_IN_4", "", "C", 70.87, 70.87, 43.31, 180],
		[120, "DC_IN_4", 721.54, 2227.59, "B", "DIP", "DC_IN_4", "", "C", 70.87, 70.87, 43.31, 180],
		[121, "L1_1", 1518.82, 439.23, "T", "SMD", "$1N478", "", "R", 99.37, 122.84, 0, 0],
		[122, "L1_2", 1761.18, 439.23, "T", "SMD", "USB_5V", "", "R", 99.37, 122.84, 0, 0],
		[123, "L2_1", 1509.03, 1557.78, "T", "SMD", "$1N3767", "", "R", 99.37, 122.84, 0, 0],
		[124, "L2_2", 1751.39, 1557.78, "T", "SMD", "DC_5V", "", "R", 99.37, 122.84, 0, 0],
		[125, "L3_1", 1492.62, 1030, "T", "SMD", "$1N4276", "", "R", 99.37, 122.84, 0, 0],
		[126, "L3_2", 1734.98, 1030, "T", "SMD", "USER_VALUE", "", "R", 99.37, 122.84, 0, 0],
		[127, "LED1_1", 967.48, 545.5, "T", "SMD", "GND", "GND", "R", 31.5, 31.5, 0, 270],
		[128, "LED1_2", 904.48, 545.3, "T", "SMD", "$1N5355", "", "R", 31.5, 31.5, 0, 270],
		[129, "LED2_1", 973.34, 1585.49, "T", "SMD", "GND", "GND", "R", 31.5, 31.5, 0, 270],
		[130, "LED2_2", 910.34, 1585.29, "T", "SMD", "$1N5382", "", "R", 31.5, 31.5, 0, 270],
		[131, "LED3_1", 970.8, 1070.4, "T", "SMD", "GND", "GND", "R", 31.5, 31.5, 0, 270],
		[132, "LED3_2", 907.8, 1070.2, "T", "SMD", "$1N5409", "", "R", 31.5, 31.5, 0, 270],
		[133, "LED4_1", 1093.5, 1907.75, "T", "SMD", "GND", "GND", "R", 31.5, 31.5, 0, 270],
		[134, "LED4_2", 1030.5, 1907.55, "T", "SMD", "$1N5711", "", "R", 31.5, 31.5, 0, 270],
		[135, "LED5_1", 2065.96, 1610.33, "T", "SMD", "GND", "GND", "R", 31.5, 31.5, 0, 270],
		[136, "LED5_2", 2002.96, 1610.13, "T", "SMD", "$1N5982", "", "R", 31.5, 31.5, 0, 270],
		[137, "POWER1_1", 2088.66, 1836.85, "T", "DIP", "GND", "GND", "C", 98.42, 98.42, 70.87, 180],
		[138, "POWER1_1", 2088.66, 1836.85, "B", "DIP", "GND", "GND", "C", 98.42, 98.42, 70.87, 180],
		[139, "POWER1_2", 1891.81, 1836.85, "T", "DIP", "DCBUS", "", "C", 98.42, 98.42, 70.87, 180],
		[140, "POWER1_2", 1891.81, 1836.85, "B", "DIP", "DCBUS", "", "C", 98.42, 98.42, 70.87, 180],
		[141, "POWER1_3", 1773.7, 2230.55, "T", "DIP", "POWER1_3", "", "C", 70.87, 70.87, 43.31, 180],
		[142, "POWER1_3", 1773.7, 2230.55, "B", "DIP", "POWER1_3", "", "C", 70.87, 70.87, 43.31, 180],
		[143, "POWER1_4", 2206.77, 2230.55, "T", "DIP", "POWER1_4", "", "C", 70.87, 70.87, 43.31, 180],
		[144, "POWER1_4", 2206.77, 2230.55, "B", "DIP", "POWER1_4", "", "C", 70.87, 70.87, 43.31, 180],
		[145, "POWER2_1", 1535.36, 1836.85, "T", "DIP", "GND", "GND", "C", 98.42, 98.42, 70.87, 180],
		[146, "POWER2_1", 1535.36, 1836.85, "B", "DIP", "GND", "GND", "C", 98.42, 98.42, 70.87, 180],
		[147, "POWER2_2", 1338.51, 1836.85, "T", "DIP", "DCBUS", "", "C", 98.42, 98.42, 70.87, 180],
		[148, "POWER2_2", 1338.51, 1836.85, "B", "DIP", "DCBUS", "", "C", 98.42, 98.42, 70.87, 180],
		[149, "POWER2_3", 1220.4, 2230.55, "T", "DIP", "POWER2_3", "", "C", 70.87, 70.87, 43.31, 180],
		[150, "POWER2_3", 1220.4, 2230.55, "B", "DIP", "POWER2_3", "", "C", 70.87, 70.87, 43.31, 180],
		[151, "POWER2_4", 1653.47, 2230.55, "T", "DIP", "POWER2_4", "", "C", 70.87, 70.87, 43.31, 180],
		[152, "POWER2_4", 1653.47, 2230.55, "B", "DIP", "POWER2_4", "", "C", 70.87, 70.87, 43.31, 180],
		[153, "POWER_SW_1", 150, 1657.48, "T", "DIP", "POWER_SW_1", "", "O", 62.99, 62.99, 39.37, 270],
		[154, "POWER_SW_1", 150, 1657.48, "B", "DIP", "POWER_SW_1", "", "O", 62.99, 62.99, 39.37, 270],
		[155, "POWER_SW_2", 150, 1736.22, "T", "DIP", "$1N2746", "", "O", 62.99, 62.99, 39.37, 270],
		[156, "POWER_SW_2", 150, 1736.22, "B", "DIP", "$1N2746", "", "O", 62.99, 62.99, 39.37, 270],
		[157, "POWER_SW_3", 150, 1814.96, "T", "DIP", "DCBUS", "", "O", 62.99, 62.99, 39.37, 270],
		[158, "POWER_SW_3", 150, 1814.96, "B", "DIP", "DCBUS", "", "O", 62.99, 62.99, 39.37, 270],
		[159, "POWER_SW_4", 150, 1899.61, "T", "DIP", "POWER_SW_4", "", "O", 118.11, 78.74, 70.87, 0],
		[160, "POWER_SW_4", 150, 1899.61, "B", "DIP", "POWER_SW_4", "", "O", 118.11, 78.74, 70.87, 0],
		[161, "POWER_SW_5", 150, 1572.84, "T", "DIP", "POWER_SW_5", "", "O", 118.11, 78.74, 70.87, 0],
		[162, "POWER_SW_5", 150, 1572.84, "B", "DIP", "POWER_SW_5", "", "O", 118.11, 78.74, 70.87, 0],
		[163, "Q1_1", 345.4, 102.45, "T", "SMD", "$1N4775", "", "R", 22.8, 47.2, 0, 90],
		[164, "Q1_2", 562, 252.25, "T", "SMD", "USB_POWER", "", "R", 22.8, 47.2, 0, 270],
		[165, "Q1_2", 562, 202.25, "T", "SMD", "USB_POWER", "", "R", 22.8, 47.2, 0, 270],
		[166, "Q1_2", 562, 152.25, "T", "SMD", "USB_POWER", "", "R", 22.8, 47.2, 0, 270],
		[167, "Q1_2", 562, 102.25, "T", "SMD", "USB_POWER", "", "R", 22.8, 47.2, 0, 270],
		[168, "Q1_2", 471.2, 177.45, "T", "SMD", "USB_POWER", "", "R", 181.1, 161.4, 0, 270],
		[169, "Q1_3", 345.4, 152.45, "T", "SMD", "DCBUS", "", "R", 22.8, 47.2, 0, 90],
		[170, "Q1_3", 345.4, 202.45, "T", "SMD", "DCBUS", "", "R", 22.8, 47.2, 0, 90],
		[171, "Q1_3", 345.4, 252.45, "T", "SMD", "DCBUS", "", "R", 22.8, 47.2, 0, 90],
		[172, "Q3_1", 1021.57, 2240.67, "T", "SMD", "$1N1311", "", "R", 22.8, 47.2, 0, 270],
		[173, "Q3_2", 804.97, 2090.87, "T", "SMD", "PGND", "", "R", 22.8, 47.2, 0, 90],
		[174, "Q3_2", 804.97, 2140.87, "T", "SMD", "PGND", "", "R", 22.8, 47.2, 0, 90],
		[175, "Q3_2", 804.97, 2190.87, "T", "SMD", "PGND", "", "R", 22.8, 47.2, 0, 90],
		[176, "Q3_2", 804.97, 2240.87, "T", "SMD", "PGND", "", "R", 22.8, 47.2, 0, 90],
		[177, "Q3_2", 895.77, 2165.67, "T", "SMD", "PGND", "", "R", 181.1, 161.4, 0, 90],
		[178, "Q3_3", 1021.57, 2190.67, "T", "SMD", "GND", "GND", "R", 22.8, 47.2, 0, 270],
		[179, "Q3_3", 1021.57, 2140.67, "T", "SMD", "GND", "GND", "R", 22.8, 47.2, 0, 270],
		[180, "Q3_3", 1021.57, 2090.67, "T", "SMD", "GND", "GND", "R", 22.8, 47.2, 0, 270],
		[181, "Q7_1", 345.4, 942.16, "T", "SMD", "$1N5019", "", "R", 22.8, 47.2, 0, 90],
		[182, "Q7_2", 562, 1091.96, "T", "SMD", "DC_5V_POWER", "", "R", 22.8, 47.2, 0, 270],
		[183, "Q7_2", 562, 1041.96, "T", "SMD", "DC_5V_POWER", "", "R", 22.8, 47.2, 0, 270],
		[184, "Q7_2", 562, 991.96, "T", "SMD", "DC_5V_POWER", "", "R", 22.8, 47.2, 0, 270],
		[185, "Q7_2", 562, 941.96, "T", "SMD", "DC_5V_POWER", "", "R", 22.8, 47.2, 0, 270],
		[186, "Q7_2", 471.2, 1017.16, "T", "SMD", "DC_5V_POWER", "", "R", 181.1, 161.4, 0, 270],
		[187, "Q7_3", 345.4, 992.16, "T", "SMD", "DCBUS", "", "R", 22.8, 47.2, 0, 90],
		[188, "Q7_3", 345.4, 1042.16, "T", "SMD", "DCBUS", "", "R", 22.8, 47.2, 0, 90],
		[189, "Q7_3", 345.4, 1092.16, "T", "SMD", "DCBUS", "", "R", 22.8, 47.2, 0, 90],
		[190, "Q8_1", 345.4, 535.15, "T", "SMD", "$1N5219", "", "R", 22.8, 47.2, 0, 90],
		[191, "Q8_2", 562, 684.95, "T", "SMD", "USER_POWER", "", "R", 22.8, 47.2, 0, 270],
		[192, "Q8_2", 562, 634.95, "T", "SMD", "USER_POWER", "", "R", 22.8, 47.2, 0, 270],
		[193, "Q8_2", 562, 584.95, "T", "SMD", "USER_POWER", "", "R", 22.8, 47.2, 0, 270],
		[194, "Q8_2", 562, 534.95, "T", "SMD", "USER_POWER", "", "R", 22.8, 47.2, 0, 270],
		[195, "Q8_2", 471.2, 610.15, "T", "SMD", "USER_POWER", "", "R", 181.1, 161.4, 0, 270],
		[196, "Q8_3", 345.4, 585.15, "T", "SMD", "DCBUS", "", "R", 22.8, 47.2, 0, 90],
		[197, "Q8_3", 345.4, 635.15, "T", "SMD", "DCBUS", "", "R", 22.8, 47.2, 0, 90],
		[198, "Q8_3", 345.4, 685.15, "T", "SMD", "DCBUS", "", "R", 22.8, 47.2, 0, 90],
		[199, "R1_1", 1645.34, 164.38, "T", "SMD", "$1N475", "", "R", 31.75, 34.02, 0, 0],
		[200, "R1_2", 1704.66, 164.38, "T", "SMD", "$1N479", "", "R", 31.75, 34.02, 0, 0],
		[201, "R2_1", 1780.34, 160.45, "T", "SMD", "$1N480", "", "R", 31.75, 34.02, 0, 0],
		[202, "R2_2", 1839.66, 160.45, "T", "SMD", "USB_5V", "", "R", 31.75, 34.02, 0, 0],
		[203, "R3_1", 1645.34, 229.05, "T", "SMD", "GND", "GND", "R", 31.75, 34.02, 0, 0],
		[204, "R3_2", 1704.66, 229.05, "T", "SMD", "$1N480", "", "R", 31.75, 34.02, 0, 0],
		[205, "R4_1", 895.39, 1982.41, "T", "SMD", "$1N1310", "", "R", 31.75, 34.02, 0, 0],
		[206, "R4_2", 954.7, 1982.41, "T", "SMD", "DCBUS", "", "R", 31.75, 34.02, 0, 0],
		[207, "R5_1", 889.97, 2319.99, "T", "SMD", "$1N1311", "", "R", 31.75, 34.02, 0, 180],
		[208, "R5_2", 830.66, 2319.99, "T", "SMD", "$1N2746", "", "R", 31.75, 34.02, 0, 180],
		[209, "R7_1", 895.39, 1906.01, "T", "SMD", "$1N1302", "", "R", 31.75, 34.02, 0, 0],
		[210, "R7_2", 954.7, 1906.01, "T", "SMD", "DCBUS", "", "R", 31.75, 34.02, 0, 0],
		[211, "R8_1", 1705, 1288.27, "T", "SMD", "$1N3762", "", "R", 31.75, 34.02, 0, 90],
		[212, "R8_2", 1705, 1347.59, "T", "SMD", "$1N3758", "", "R", 31.75, 34.02, 0, 90],
		[213, "R9_1", 1502.71, 823.75, "T", "SMD", "$1N4271", "", "R", 31.75, 34.02, 0, 0],
		[214, "R9_2", 1562.03, 823.75, "T", "SMD", "$1N4267", "", "R", 31.75, 34.02, 0, 0],
		[215, "R10_1", 1579.87, 1288.92, "T", "SMD", "$1N3759", "", "R", 31.75, 34.02, 0, 0],
		[216, "R10_2", 1639.19, 1288.92, "T", "SMD", "DC_5V", "", "R", 31.75, 34.02, 0, 0],
		[217, "R11_1", 1640.34, 823.75, "T", "SMD", "$1N4268", "", "R", 31.75, 34.02, 0, 0],
		[218, "R11_2", 1699.66, 823.75, "T", "SMD", "USER_VALUE", "", "R", 31.75, 34.02, 0, 0],
		[219, "R12_1", 1579.87, 1354.28, "T", "SMD", "GND", "GND", "R", 31.75, 34.02, 0, 0],
		[220, "R12_2", 1639.19, 1354.28, "T", "SMD", "$1N3759", "", "R", 31.75, 34.02, 0, 0],
		[221, "R14_1", 1825.88, 795.48, "T", "DIP", "GND", "GND", "C", 60, 60, 30, 0],
		[222, "R14_1", 1825.88, 795.48, "B", "DIP", "GND", "GND", "C", 60, 60, 30, 0],
		[223, "R14_2", 1925.88, 895.48, "T", "DIP", "$1N4268", "", "C", 60, 60, 30, 0],
		[224, "R14_2", 1925.88, 895.48, "B", "DIP", "$1N4268", "", "C", 60, 60, 30, 0],
		[225, "R14_3", 2025.88, 795.48, "T", "DIP", "R14_3", "", "C", 60, 60, 30, 0],
		[226, "R14_3", 2025.88, 795.48, "B", "DIP", "R14_3", "", "C", 60, 60, 30, 0],
		[227, "R15_1", 527.46, 393.57, "T", "SMD", "$1N4769", "", "R", 31.75, 34.02, 0, 180],
		[228, "R15_2", 468.14, 393.57, "T", "SMD", "$1N4775", "", "R", 31.75, 34.02, 0, 180],
		[229, "R16_1", 539.19, 1228.95, "T", "SMD", "$1N5027", "", "R", 31.75, 34.02, 0, 180],
		[230, "R16_2", 479.87, 1228.95, "T", "SMD", "$1N5019", "", "R", 31.75, 34.02, 0, 180],
		[231, "R17_1", 549.66, 836.66, "T", "SMD", "$1N5227", "", "R", 31.75, 34.02, 0, 180],
		[232, "R17_2", 490.34, 836.66, "T", "SMD", "$1N5219", "", "R", 31.75, 34.02, 0, 180],
		[233, "R18_1", 965.52, 480, "T", "SMD", "$1N5355", "", "R", 31.75, 34.02, 0, 180],
		[234, "R18_2", 906.2, 480, "T", "SMD", "USB_POWER", "", "R", 31.75, 34.02, 0, 180],
		[235, "R19_1", 911.5, 1523.63, "T", "SMD", "$1N5382", "", "R", 31.75, 34.02, 0, 0],
		[236, "R19_2", 970.82, 1523.63, "T", "SMD", "DC_5V_POWER", "", "R", 31.75, 34.02, 0, 0],
		[237, "R20_1", 911.47, 1005.34, "T", "SMD", "$1N5409", "", "R", 31.75, 34.02, 0, 0],
		[238, "R20_2", 970.79, 1005.34, "T", "SMD", "USER_POWER", "", "R", 31.75, 34.02, 0, 0],
		[239, "R21_1", 1030.34, 1969.01, "T", "SMD", "$1N5711", "", "R", 31.75, 34.02, 0, 0],
		[240, "R21_2", 1089.66, 1969.01, "T", "SMD", "DCBUS", "", "R", 31.75, 34.02, 0, 0],
		[241, "R22_1", 2064, 1541.56, "T", "SMD", "$1N5982", "", "R", 31.75, 34.02, 0, 180],
		[242, "R22_2", 2004.68, 1541.56, "T", "SMD", "VCC", "", "R", 31.75, 34.02, 0, 180],
		[243, "SCREW1_1", 115.61, 2246.59, "T", "DIP", "SCREW1_1", "", "C", 126, 126, 126, 0],
		[244, "SCREW1_1", 115.61, 2246.59, "B", "DIP", "SCREW1_1", "", "C", 126, 126, 126, 0],
		[245, "SCREW2_1", 115.61, 120.61, "T", "DIP", "SCREW2_1", "", "C", 126, 126, 126, 0],
		[246, "SCREW2_1", 115.61, 120.61, "B", "DIP", "SCREW2_1", "", "C", 126, 126, 126, 0],
		[247, "SCREW3_1", 2635.3, 2246.59, "T", "DIP", "SCREW3_1", "", "C", 126, 126, 126, 0],
		[248, "SCREW3_1", 2635.3, 2246.59, "B", "DIP", "SCREW3_1", "", "C", 126, 126, 126, 0],
		[249, "SCREW4_1", 2635.3, 120.61, "T", "DIP", "SCREW4_1", "", "C", 126, 126, 126, 0],
		[250, "SCREW4_1", 2635.3, 120.61, "B", "DIP", "SCREW4_1", "", "C", 126, 126, 126, 0],
		[251, "U1_1", 1150.57, 305.7, "T", "SMD", "$1N474", "", "O", 22.6, 80.24, 0, 270],
		[252, "U1_2", 1150.57, 255.7, "T", "SMD", "USB_POWER", "", "O", 22.6, 80.24, 0, 270],
		[253, "U1_3", 1150.57, 205.7, "T", "SMD", "U1_3", "", "O", 22.6, 80.24, 0, 270],
		[254, "U1_4", 1150.57, 155.7, "T", "SMD", "$1N473", "", "O", 22.6, 80.24, 0, 270],
		[255, "U1_5", 1368.61, 155.7, "T", "SMD", "$1N480", "", "O", 22.6, 80.24, 0, 270],
		[256, "U1_6", 1368.61, 205.7, "T", "SMD", "$1N479", "", "O", 22.6, 80.24, 0, 270],
		[257, "U1_7", 1368.61, 255.7, "T", "SMD", "GND", "GND", "O", 22.6, 80.24, 0, 270],
		[258, "U1_8", 1368.61, 305.7, "T", "SMD", "$1N478", "", "O", 22.6, 80.24, 0, 270],
		[259, "U1_9", 1259.59, 230.7, "T", "SMD", "GND", "GND", "R", 78.74, 78.74, 0, 270],
		[260, "U12_1", 1927.4, 1628.83, "T", "SMD", "GND", "GND", "R", 40.85, 20.95, 0, 90],
		[261, "U12_2", 1852.6, 1628.83, "T", "SMD", "VCC", "", "R", 40.85, 20.95, 0, 90],
		[262, "U12_3", 1890, 1542.11, "T", "SMD", "DC_5V", "", "R", 40.85, 20.95, 0, 90],
		[263, "U14_1", 1140.57, 1391.46, "T", "SMD", "$1N3765", "", "O", 22.6, 80.24, 0, 270],
		[264, "U14_2", 1140.57, 1341.46, "T", "SMD", "DC_5V_POWER", "", "O", 22.6, 80.24, 0, 270],
		[265, "U14_3", 1140.57, 1291.46, "T", "SMD", "U14_3", "", "O", 22.6, 80.24, 0, 270],
		[266, "U14_4", 1140.57, 1241.46, "T", "SMD", "$1N3766", "", "O", 22.6, 80.24, 0, 270],
		[267, "U14_5", 1358.61, 1241.46, "T", "SMD", "$1N3759", "", "O", 22.6, 80.24, 0, 270],
		[268, "U14_6", 1358.61, 1291.46, "T", "SMD", "$1N3758", "", "O", 22.6, 80.24, 0, 270],
		[269, "U14_7", 1358.61, 1341.46, "T", "SMD", "GND", "GND", "O", 22.6, 80.24, 0, 270],
		[270, "U14_8", 1358.61, 1391.46, "T", "SMD", "$1N3767", "", "O", 22.6, 80.24, 0, 270],
		[271, "U14_9", 1249.59, 1316.46, "T", "SMD", "GND", "GND", "R", 78.74, 78.74, 0, 270],
		[272, "U15_1", 1135.1, 866.46, "T", "SMD", "$1N4274", "", "O", 22.6, 80.24, 0, 270],
		[273, "U15_2", 1135.1, 816.46, "T", "SMD", "USER_POWER", "", "O", 22.6, 80.24, 0, 270],
		[274, "U15_3", 1135.1, 766.46, "T", "SMD", "U15_3", "", "O", 22.6, 80.24, 0, 270],
		[275, "U15_4", 1135.1, 716.46, "T", "SMD", "$1N4275", "", "O", 22.6, 80.24, 0, 270],
		[276, "U15_5", 1353.14, 716.46, "T", "SMD", "$1N4268", "", "O", 22.6, 80.24, 0, 270],
		[277, "U15_6", 1353.14, 766.46, "T", "SMD", "$1N4267", "", "O", 22.6, 80.24, 0, 270],
		[278, "U15_7", 1353.14, 816.46, "T", "SMD", "GND", "GND", "O", 22.6, 80.24, 0, 270],
		[279, "U15_8", 1353.14, 866.46, "T", "SMD", "$1N4276", "", "O", 22.6, 80.24, 0, 270],
		[280, "U15_9", 1244.12, 791.46, "T", "SMD", "GND", "GND", "R", 78.74, 78.74, 0, 270],
		[281, "USB1_1", 2141.66, 417.01, "T", "DIP", "USB_5V", "", "C", 62.99, 62.99, 39.37, 90],
		[282, "USB1_1", 2141.66, 417.01, "B", "DIP", "USB_5V", "", "C", 62.99, 62.99, 39.37, 90],
		[283, "USB1_2", 2141.66, 515.44, "T", "DIP", "USB1_2", "", "C", 62.99, 62.99, 39.37, 90],
		[284, "USB1_2", 2141.66, 515.44, "B", "DIP", "USB1_2", "", "C", 62.99, 62.99, 39.37, 90],
		[285, "USB1_3", 2141.66, 594.18, "T", "DIP", "USB1_3", "", "C", 62.99, 62.99, 39.37, 90],
		[286, "USB1_3", 2141.66, 594.18, "B", "DIP", "USB1_3", "", "C", 62.99, 62.99, 39.37, 90],
		[287, "USB1_4", 2141.66, 692.6, "T", "DIP", "GND", "GND", "C", 62.99, 62.99, 39.37, 90],
		[288, "USB1_4", 2141.66, 692.6, "B", "DIP", "GND", "GND", "C", 62.99, 62.99, 39.37, 90],
		[289, "USB1_5", 2248.34, 296.15, "T", "DIP", "GND", "GND", "C", 129.92, 129.92, 98.43, 90],
		[290, "USB1_5", 2248.34, 296.15, "B", "DIP", "GND", "GND", "C", 129.92, 129.92, 98.43, 90],
		[291, "USB1_6", 2248.34, 813.47, "T", "DIP", "GND", "GND", "C", 129.92, 129.92, 98.43, 90],
		[292, "USB1_6", 2248.34, 813.47, "B", "DIP", "GND", "GND", "C", 129.92, 129.92, 98.43, 90],
		[293, "USB_POWER_1", 145, 407.48, "T", "DIP", "USB_POWER_1", "", "O", 62.99, 62.99, 39.37, 270],
		[294, "USB_POWER_1", 145, 407.48, "B", "DIP", "USB_POWER_1", "", "O", 62.99, 62.99, 39.37, 270],
		[295, "USB_POWER_2", 145, 486.22, "T", "DIP", "$1N4769", "", "O", 62.99, 62.99, 39.37, 270],
		[296, "USB_POWER_2", 145, 486.22, "B", "DIP", "$1N4769", "", "O", 62.99, 62.99, 39.37, 270],
		[297, "USB_POWER_3", 145, 564.96, "T", "DIP", "GND", "GND", "O", 62.99, 62.99, 39.37, 270],
		[298, "USB_POWER_3", 145, 564.96, "B", "DIP", "GND", "GND", "O", 62.99, 62.99, 39.37, 270],
		[299, "USB_POWER_4", 145, 649.61, "T", "DIP", "USB_POWER_4", "", "O", 118.11, 78.74, 70.87, 0],
		[300, "USB_POWER_4", 145, 649.61, "B", "DIP", "USB_POWER_4", "", "O", 118.11, 78.74, 70.87, 0],
		[301, "USB_POWER_5", 145, 322.84, "T", "DIP", "USB_POWER_5", "", "O", 118.11, 78.74, 70.87, 0],
		[302, "USB_POWER_5", 145, 322.84, "B", "DIP", "USB_POWER_5", "", "O", 118.11, 78.74, 70.87, 0],
		[303, "USER_POWER_1", 145, 826.69, "T", "DIP", "USER_POWER_1", "", "O", 62.99, 62.99, 39.37, 270],
		[304, "USER_POWER_1", 145, 826.69, "B", "DIP", "USER_POWER_1", "", "O", 62.99, 62.99, 39.37, 270],
		[305, "USER_POWER_2", 145, 905.43, "T", "DIP", "$1N5227", "", "O", 62.99, 62.99, 39.37, 270],
		[306, "USER_POWER_2", 145, 905.43, "B", "DIP", "$1N5227", "", "O", 62.99, 62.99, 39.37, 270],
		[307, "USER_POWER_3", 145, 984.17, "T", "DIP", "GND", "GND", "O", 62.99, 62.99, 39.37, 270],
		[308, "USER_POWER_3", 145, 984.17, "B", "DIP", "GND", "GND", "O", 62.99, 62.99, 39.37, 270],
		[309, "USER_POWER_4", 145, 1068.81, "T", "DIP", "USER_POWER_4", "", "O", 118.11, 78.74, 70.87, 0],
		[310, "USER_POWER_4", 145, 1068.81, "B", "DIP", "USER_POWER_4", "", "O", 118.11, 78.74, 70.87, 0],
		[311, "USER_POWER_5", 145, 742.04, "T", "DIP", "USER_POWER_5", "", "O", 118.11, 78.74, 70.87, 0],
		[312, "USER_POWER_5", 145, 742.04, "B", "DIP", "USER_POWER_5", "", "O", 118.11, 78.74, 70.87, 0],
		[313, "USER_VALUE_1", 2360, 975, "T", "DIP", "USER_VALUE", "", "R", 86.61, 86.61, 49.61, 90],
		[314, "USER_VALUE_1", 2360, 975, "B", "DIP", "USER_VALUE", "", "R", 86.61, 86.61, 49.61, 90],
		[315, "USER_VALUE_2", 2360, 1125, "T", "DIP", "GND", "GND", "C", 86.61, 86.61, 49.61, 90],
		[316, "USER_VALUE_2", 2360, 1125, "B", "DIP", "GND", "GND", "C", 86.61, 86.61, 49.61, 90],
		[317, "VCC_1", 2360, 1685, "T", "DIP", "VCC", "", "R", 86.61, 86.61, 49.61, 90],
		[318, "VCC_1", 2360, 1685, "B", "DIP", "VCC", "", "R", 86.61, 86.61, 49.61, 90],
		[319, "VCC_2", 2360, 1835, "T", "DIP", "GND", "GND", "C", 86.61, 86.61, 49.61, 90],
		[320, "VCC_2", 2360, 1835, "B", "DIP", "GND", "GND", "C", 86.61, 86.61, 49.61, 90]
	]
}
}