{
"lengthUnit": "mil",
"components": {
	"fields": ["COMPONENT_NO", "COMPONENT_NAME", "LAYER", "X_COORDINATE", "Y_COORDINATE", "ANGLE"],
	"rows": [
		[1, "CN1", "T", 494.82, 345, 0],
		[2, "CN2", "T", 1270, 335, 0],
		[3, "CN3", "T", 495, 1080, 180],
		[4, "CN4", "T", 1280, 1080, 180],
		[5, "CN5", "T", 885, 1240, 180],
		[6, "CN6", "T", 895, 172.6, 0],
		[7, "SCREW1", "T", 118.11, 1299.21, 0],
		[8, "SCREW2", "T", 118.11, 118.11, 0],
		[9, "SCREW3", "T", 1653.54, 1299.21, 0],
		[10, "SCREW4", "T", 1653.54, 118.11, 0],
		[11, "U1", "T", 1295, 700, 90]
	]
},
"pins": {
	"fields": ["PIN_NO", "PIN_NAME", "PIN_X", "PIN_Y", "LAYER", "PIN_TYPE", "NET_NAME", "NET_TYPE", "PAD_SHAPE", "PAD_SIZEX", "PAD_SIZEY", "HOLE_SIZE", "PAD_ANGLE"],
	"rows": [
		[1, "CN1_1", 347.18, 345, "T", "DIP", "VIN", "", "R", 60, 59.05, 35.43, 0],
		[2, "CN1_1", 347.18, 345, "B", "DIP", "VIN", "", "R", 60, 59.05, 35.43, 0],
		[3, "CN1_2", 445.61, 345, "T", "DIP", "GND", "GND", "C", 59.05, 59.05, 35.43, 0],
		[4, "CN1_2", 445.61, 345, "B", "DIP", "GND", "GND", "C", 59.05, 59.05, 35.43, 0],
		[5, "CN1_3", 544.03, 345, "T", "DIP", "CAN_L", "", "C", 59.05, 59.05, 35.43, 0],
		[6, "CN1_3", 544.03, 345, "B", "DIP", "CAN_L", "", "C", 59.05, 59.05, 35.43, 0],
		[7, "CN1_4", 642.46, 345, "T", "DIP", "CAN_H", "", "C", 59.05, 59.05, 35.43, 0],
		[8, "CN1_4", 642.46, 345, "B", "DIP", "CAN_H", "", "C", 59.05, 59.05, 35.43, 0],
		[9, "CN2_1", 1122.36, 335, "T", "DIP", "VIN", "", "R", 60, 59.05, 35.43, 0],
		[10, "CN2_1", 1122.36, 335, "B", "DIP", "VIN", "", "R", 60, 59.05, 35.43, 0],
		[11, "CN2_2", 1220.79, 335, "T", "DIP", "GND", "GND", "C", 59.05, 59.05, 35.43, 0],
		[12, "CN2_2", 1220.79, 335, "B", "DIP", "GND", "GND", "C", 59.05, 59.05, 35.43, 0],
		[13, "CN2_3", 1319.21, 335, "T", "DIP", "CAN_L", "", "C", 59.05, 59.05, 35.43, 0],
		[14, "CN2_3", 1319.21, 335, "B", "DIP", "CAN_L", "", "C", 59.05, 59.05, 35.43, 0],
		[15, "CN2_4", 1417.64, 335, "T", "DIP", "CAN_H", "", "C", 59.05, 59.05, 35.43, 0],
		[16, "CN2_4", 1417.64, 335, "B", "DIP", "CAN_H", "", "C", 59.05, 59.05, 35.43, 0],
		[17, "CN3_1", 642.64, 1080, "T", "DIP", "VIN", "", "R", 60, 59.05, 35.43, 180],
		[18, "CN3_1", 642.64, 1080, "B", "DIP", "VIN", "", "R", 60, 59.05, 35.43, 180],
		[19, "CN3_2", 544.21, 1080, "T", "DIP", "GND", "GND", "C", 59.05, 59.05, 35.43, 180],
		[20, "CN3_2", 544.21, 1080, "B", "DIP", "GND", "GND", "C", 59.05, 59.05, 35.43, 180],
		[21, "CN3_3", 445.79, 1080, "T", "DIP", "CAN_L", "", "C", 59.05, 59.05, 35.43, 180],
		[22, "CN3_3", 445.79, 1080, "B", "DIP", "CAN_L", "", "C", 59.05, 59.05, 35.43, 180],
		[23, "CN3_4", 347.36, 1080, "T", "DIP", "CAN_H", "", "C", 59.05, 59.05, 35.43, 180],
		[24, "CN3_4", 347.36, 1080, "B", "DIP", "CAN_H", "", "C", 59.05, 59.05, 35.43, 180],
		[25, "CN4_1", 1427.64, 1080, "T", "DIP", "VIN", "", "R", 60, 59.05, 35.43, 180],
		[26, "CN4_1", 1427.64, 1080, "B", "DIP", "VIN", "", "R", 60, 59.05, 35.43, 180],
		[27, "CN4_2", 1329.21, 1080, "T", "DIP", "GND", "GND", "C", 59.05, 59.05, 35.43, 180],
		[28, "CN4_2", 1329.21, 1080, "B", "DIP", "GND", "GND", "C", 59.05, 59.05, 35.43, 180],
		[29, "CN4_3", 1230.79, 1080, "T", "DIP", "CAN_L", "", "C", 59.05, 59.05, 35.43, 180],
		[30, "CN4_3", 1230.79, 1080, "B", "DIP", "CAN_L", "", "C", 59.05, 59.05, 35.43, 180],
		[31, "CN4_4", 1132.36, 1080, "T", "DIP", "CAN_H", "", "C", 59.05, 59.05, 35.43, 180],
		[32, "CN4_4", 1132.36, 1080, "B", "DIP", "CAN_H", "", "C", 59.05, 59.05, 35.43, 180],
		[33, "CN5_1", 909.61, 1182.91, "T", "SMD", "CAN_L", "", "R", 23.62, 66.93, 0, 180],
		[34, "CN5_2", 860.39, 1182.91, "T", "SMD", "CAN_H", "", "R", 23.62, 66.93, 0, 180],
		[35, "CN5_3", 982.43, 1297.08, "T", "SMD", "CN5_3", "", "R", 39.37, 110.24, 0, 180],
		[36, "CN5_4", 787.55, 1297.08, "T", "SMD", "CN5_4", "", "R", 39.37, 110.24, 0, 180],
		[37, "CN6_1", 870.39, 229.69, "T", "SMD", "CAN_L", "", "R", 23.62, 66.93, 0, 0],
		[38, "CN6_2", 919.61, 229.69, "T", "SMD", "CAN_H", "", "R", 23.62, 66.93, 0, 0],
		[39, "CN6_3", 797.57, 115.52, "T", "SMD", "CN6_3", "", "R", 39.37, 110.24, 0, 0],
		[40, "CN6_4", 992.45, 115.52, "T", "SMD", "CN6_4", "", "R", 39.37, 110.24, 0, 0],
		[41, "SCREW1_1", 115.61, 1301.71, "T", "DIP", "SCREW1_1", "", "C", 126, 126, 126, 0],
		[42, "SCREW1_1", 115.61, 1301.71, "B", "DIP", "SCREW1_1", "", "C", 126, 126, 126, 0],
		[43, "SCREW2_1", 115.61, 120.61, "T", "DIP", "SCREW2_1", "", "C", 126, 126, 126, 0],
		[44, "SCREW2_1", 115.61, 120.61, "B", "DIP", "SCREW2_1", "", "C", 126, 126, 126, 0],
		[45, "SCREW3_1", 1651.04, 1301.71, "T", "DIP", "SCREW3_1", "", "C", 126, 126, 126, 0],
		[46, "SCREW3_1", 1651.04, 1301.71, "B", "DIP", "SCREW3_1", "", "C", 126, 126, 126, 0],
		[47, "SCREW4_1", 1651.04, 120.61, "T", "DIP", "SCREW4_1", "", "C", 126, 126, 126, 0],
		[48, "SCREW4_1", 1651.04, 120.61, "B", "DIP", "SCREW4_1", "", "C", 126, 126, 126, 0],
		[49, "U1_1", 1196.57, 601.58, "T", "DIP", "VIN", "", "C", 98.42, 98.42, 66.93, 90],
		[50, "U1_1", 1196.57, 601.58, "B", "DIP", "VIN", "", "C", 98.42, 98.42, 66.93, 90],
		[51, "U1_2", 1196.58, 798.42, "T", "DIP", "GND", "GND", "C", 98.42, 98.42, 66.93, 90],
		[52, "U1_2", 1196.58, 798.42, "B", "DIP", "GND", "GND", "C", 98.42, 98.42, 66.93, 90],
		[53, "U1_3", 1393.42, 916.54, "T", "DIP", "U1_3", "", "C", 70.87, 70.87, 39.37, 90],
		[54, "U1_3", 1393.42, 916.54, "B", "DIP", "U1_3", "", "C", 70.87, 70.87, 39.37, 90],
		[55, "U1_4", 1393.42, 483.46, "T", "DIP", "U1_4", "", "C", 70.87, 70.87, 39.37, 90],
		[56, "U1_4", 1393.42, 483.46, "B", "DIP", "U1_4", "", "C", 70.87, 70.87, 39.37, 90]
	]
}
}